id;name;picture;picture_content_type
1;Nigeria;../fake-data/blob/hipster.png;image/png
2;Analyst;../fake-data/blob/hipster.png;image/png
3;Gabon Orchestrator;../fake-data/blob/hipster.png;image/png
4;Concrete heuristic;../fake-data/blob/hipster.png;image/png
5;Borders;../fake-data/blob/hipster.png;image/png
6;Generic;../fake-data/blob/hipster.png;image/png
7;content Account action-items;../fake-data/blob/hipster.png;image/png
8;Italy edge;../fake-data/blob/hipster.png;image/png
9;Towels Colombian Rustic;../fake-data/blob/hipster.png;image/png
10;Lesotho Technician;../fake-data/blob/hipster.png;image/png
